,id,name,type,testcf,pd,ft,axl,w,d,l,fpc,fyl,fsul,fyt,fsut,dlb,dlb_c,nlb,cc_per,nib_per,cc_par,nib_par,nsl,dtb_rcs,s_rcs
0,1,"Gill et al. 1979, No. 1",Rectangular,Double Ended,Shear provided,Flexure,1815.0,550.0,550.0,1200.0,23.1,375.0,635.6,297.0,416.8,24.0,24.0,12.0,40.0,2.0,40.0,2.0,4.0,10.0,80.0
1,2,"Gill et al. 1979, No. 2",Rectangular,Double Ended,Shear provided,Flexure,2680.0,550.0,550.0,1200.0,41.4,375.0,635.6,316.0,440.6,24.0,24.0,12.0,38.0,2.0,38.0,2.0,4.0,12.0,75.0
2,3,"Gill et al. 1979, No. 3",Rectangular,Double Ended,Shear provided,Flexure,2719.0,550.0,550.0,1200.0,21.4,375.0,635.6,297.0,416.8,24.0,24.0,12.0,40.0,2.0,40.0,2.0,4.0,10.0,75.0
3,4,"Gill et al. 1979, No. 4",Rectangular,Double Ended,Shear provided,Flexure,4265.0,550.0,550.0,1200.0,23.5,375.0,635.6,294.0,412.4,24.0,24.0,12.0,38.0,2.0,38.0,2.0,4.0,12.0,62.0
4,5,"Ang et al. 1981, No. 3",Rectangular,Double Ended,Shear provided,Flexure,1435.0,400.0,400.0,1600.0,23.6,427.0,670.0,320.0,434.0,16.0,16.0,12.0,24.5,2.0,24.5,2.0,4.0,12.0,100.0
5,6,"Ang et al. 1981, No. 4",Rectangular,Double Ended,Shear provided,Flexure,840.0,400.0,400.0,1600.0,25.0,427.0,670.0,280.0,408.0,16.0,16.0,12.0,22.5,2.0,22.5,2.0,4.0,10.0,90.0
6,7,"Soesianawati et al. 1986, No. 1",Rectangular,Double Ended,Shear provided,Flexure,744.0,400.0,400.0,1600.0,46.5,446.0,702.0,364.0,521.0,16.0,16.0,12.0,13.0,2.0,13.0,2.0,4.0,7.0,85.0
7,8,"Soesianawati et al. 1986, No. 2",Rectangular,Double Ended,Shear provided,Flexure,2112.0,400.0,400.0,1600.0,44.0,446.0,702.0,360.0,492.0,16.0,16.0,12.0,13.0,2.0,13.0,2.0,4.0,8.0,78.0
8,9,"Soesianawati et al. 1986, No. 3",Rectangular,Double Ended,Shear provided,Flexure,2112.0,400.0,400.0,1600.0,44.0,446.0,702.0,364.0,521.0,16.0,16.0,12.0,13.0,2.0,13.0,2.0,4.0,7.0,91.0
9,10,"Soesianawati et al. 1986, No. 4",Rectangular,Double Ended,Shear provided,Flexure,1920.0,400.0,400.0,1600.0,40.0,446.0,702.0,255.0,402.0,16.0,16.0,12.0,13.0,2.0,13.0,2.0,4.0,6.0,94.0
10,11,"Zahn et al. 1986, No. 7",Rectangular,Double Ended,Shear provided,Flexure,1010.0,400.0,400.0,1600.0,28.3,440.0,674.0,466.0,688.0,16.0,16.0,12.0,13.0,2.0,13.0,2.0,4.0,10.0,117.0
11,12,"Zahn et al. 1986, No. 8",Rectangular,Double Ended,Shear provided,Flexure,2502.0,400.0,400.0,1600.0,40.1,440.0,674.0,466.0,688.0,16.0,16.0,12.0,13.0,2.0,13.0,2.0,4.0,10.0,92.0
12,13,"Watson and Park 1989, No. 5",Rectangular,Double Ended,Shear provided,Flexure,3280.0,400.0,400.0,1600.0,41.0,474.0,633.3,372.0,516.0,16.0,16.0,12.0,13.0,2.0,13.0,2.0,4.0,8.0,81.0
13,14,"Watson and Park 1989, No. 6",Rectangular,Double Ended,Shear provided,Flexure,3200.0,400.0,400.0,1600.0,40.0,474.0,633.3,388.0,518.0,16.0,16.0,12.0,13.0,2.0,13.0,2.0,4.0,6.0,96.0
14,15,"Watson and Park 1989, No. 7",Rectangular,Double Ended,Shear provided,Flexure,4704.0,400.0,400.0,1600.0,42.0,474.0,633.3,308.0,444.0,16.0,16.0,12.0,13.0,2.0,13.0,2.0,4.0,12.0,96.0
15,16,"Watson and Park 1989, No. 8",Rectangular,Double Ended,Shear provided,Flexure,4368.0,400.0,400.0,1600.0,39.0,474.0,633.3,372.0,516.0,16.0,16.0,12.0,13.0,2.0,13.0,2.0,4.0,8.0,77.0
16,17,"Watson and Park 1989, No. 9",Rectangular,Double Ended,Shear provided,Flexure,4480.0,400.0,400.0,1600.0,40.0,474.0,633.3,308.0,444.0,16.0,16.0,12.0,13.0,2.0,13.0,2.0,4.0,12.0,52.0
17,18,"Tanaka and Park 1990, No. 1",Rectangular,Double Ended,Shear provided,Flexure,819.0,400.0,400.0,1600.0,25.6,474.0,721.0,333.0,481.0,20.0,20.0,8.0,40.0,1.0,40.0,1.0,3.0,12.0,80.0
18,19,"Tanaka and Park 1990, No. 2",Rectangular,Double Ended,Shear provided,Flexure,819.0,400.0,400.0,1600.0,25.6,474.0,721.0,333.0,481.0,20.0,20.0,8.0,40.0,1.0,40.0,1.0,3.0,12.0,80.0
19,20,"Tanaka and Park 1990, No. 3",Rectangular,Double Ended,Shear provided,Flexure,819.0,400.0,400.0,1600.0,25.6,474.0,721.0,333.0,481.0,20.0,20.0,8.0,40.0,1.0,40.0,1.0,3.0,12.0,80.0
20,21,"Tanaka and Park 1990, No. 4",Rectangular,Double Ended,Shear provided,Flexure,819.0,400.0,400.0,1600.0,25.6,474.0,721.0,333.0,481.0,20.0,20.0,8.0,40.0,1.0,40.0,1.0,3.0,12.0,80.0
21,22,"Tanaka and Park 1990, No. 5",Rectangular,Cantilever,Shear provided,Flexure,968.0,550.0,550.0,1650.0,32.0,511.0,675.0,325.0,429.0,20.0,20.0,12.0,40.0,2.0,40.0,2.0,4.0,12.0,110.0
22,23,"Tanaka and Park 1990, No. 6",Rectangular,Cantilever,Shear provided,Flexure,968.0,550.0,550.0,1650.0,32.0,511.0,675.0,325.0,429.0,20.0,20.0,12.0,40.0,2.0,40.0,2.0,4.0,12.0,110.0
23,24,"Tanaka and Park 1990, No. 7",Rectangular,Cantilever,Shear provided,Flexure,2913.0,550.0,550.0,1650.0,32.1,511.0,675.0,325.0,429.0,20.0,20.0,12.0,40.0,2.0,40.0,2.0,4.0,12.0,90.0
24,25,"Tanaka and Park 1990, No. 8",Rectangular,Cantilever,Shear provided,Flexure,2913.0,550.0,550.0,1650.0,32.1,511.0,675.0,325.0,429.0,20.0,20.0,12.0,40.0,2.0,40.0,2.0,4.0,12.0,90.0
25,26,"Park and Paulay 1990, No. 9",Rectangular,Cantilever,Shear provided,Flexure,646.0,400.0,600.0,1784.0,26.9,432.0,0.0,305.0,0.0,24.0,24.0,10.0,24.0,1.0,24.0,2.0,3.0,12.0,80.0
26,27,"Arakawa et al. 1982, No. 102",Rectangular,Double Cantilever,Feff provided,Flexure,429.0,250.0,250.0,375.0,20.6,392.8,0.0,323.0,0.0,9.5,9.5,6.0,0.0,1.0,0.0,0.0,3.0,5.5,32.0
27,28,"Nagasaka 1982, HPRC10-63",Rectangular,Double Cantilever,Shear provided,Shear,147.0,200.0,200.0,300.0,21.6,371.0,541.0,344.0,434.0,12.7,12.7,4.0,12.0,0.0,12.0,0.0,2.0,5.5,35.0
28,29,"Nagasaka 1982, HPRC19-32",Rectangular,Double Cantilever,Shear provided,Flexure-Shear,294.0,200.0,200.0,300.0,21.0,371.0,541.0,344.0,434.0,12.7,12.7,4.0,12.0,0.0,12.0,0.0,2.0,5.5,20.0
29,30,"Ohno and Nishioka 1984, L1",Rectangular,Cantilever,P Ram rotation increases V,Flexure,127.0,400.0,400.0,1600.0,24.8,362.0,0.0,325.0,0.0,19.0,19.0,8.0,31.5,2.0,31.5,0.0,2.0,9.0,100.0
30,31,"Ohno and Nishioka 1984, L2",Rectangular,Cantilever,P Ram rotation increases V,Flexure,127.0,400.0,400.0,1600.0,24.8,362.0,0.0,325.0,0.0,19.0,19.0,8.0,31.5,2.0,31.5,0.0,2.0,9.0,100.0
31,32,"Ohno and Nishioka 1984, L3",Rectangular,Cantilever,P Ram rotation increases V,Flexure,127.0,400.0,400.0,1600.0,24.8,362.0,0.0,325.0,0.0,19.0,19.0,8.0,31.5,2.0,31.5,0.0,2.0,9.0,100.0
32,33,"Ohue et al. 1985, 2D16RS",Rectangular,Double Cantilever,Feff provided,Flexure-Shear,183.0,200.0,200.0,400.0,32.0,369.0,0.0,316.0,0.0,16.0,16.0,4.0,11.0,0.0,11.0,0.0,2.0,5.5,50.0
33,34,"Ohue et al. 1985, 4D13RS",Rectangular,Double Cantilever,Feff provided,Flexure-Shear,183.0,200.0,200.0,400.0,29.9,370.0,0.0,316.0,0.0,13.0,13.0,8.0,12.5,2.0,12.5,0.0,2.0,5.5,50.0
34,35,"Zhou et al. 1985, No. 806",Rectangular,Double Cantilever,Feff provided,Flexure-Shear,124.0,80.0,80.0,80.0,32.3,336.0,379.0,341.0,448.0,6.0,6.0,4.0,10.0,0.0,10.0,0.0,2.0,4.0,80.0
35,36,"Zhou et al. 1985, No. 1007",Rectangular,Double Cantilever,Feff provided,Flexure-Shear,152.0,80.0,80.0,80.0,34.0,336.0,379.0,341.0,448.0,6.0,6.0,4.0,10.0,0.0,10.0,0.0,2.0,4.0,80.0
36,37,"Zhou et al. 1985, No. 1309",Rectangular,Double Cantilever,Feff provided,Flexure-Shear,189.0,80.0,80.0,80.0,32.8,336.0,379.0,341.0,448.0,6.0,6.0,4.0,10.0,0.0,10.0,0.0,2.0,4.0,80.0
37,38,"Imai and Yamamoto 1986, No. 1",Rectangular,Double Cantilever,Not defined in report,Shear,392.0,400.0,500.0,825.0,27.1,318.0,0.0,336.0,0.0,22.0,22.0,14.0,37.0,3.0,37.0,2.0,2.0,9.0,100.0
38,39,"Zhou et al. 1987, No. 104-08",Rectangular,Double Cantilever,Feff provided,Shear,406.0,160.0,160.0,160.0,19.8,341.0,448.0,559.0,589.0,9.5,9.5,8.0,12.5,1.0,12.5,1.0,2.0,5.0,40.0
39,40,"Zhou et al. 1987, No. 114-08",Rectangular,Double Cantilever,Feff provided,Shear,406.0,160.0,160.0,160.0,19.8,341.0,448.0,559.0,589.0,9.5,9.5,8.0,12.5,1.0,12.5,1.0,2.0,5.0,40.0
40,41,"Zhou et al. 1987, No. 124-08",Rectangular,Double Cantilever,Feff provided,Shear,406.0,160.0,160.0,160.0,19.8,341.0,448.0,559.0,589.0,9.5,9.5,8.0,12.5,1.0,12.5,1.0,3.4,5.0,40.0
41,42,"Zhou et al. 1987, No. 204-08",Rectangular,Double Cantilever,Feff provided,Flexure-Shear,432.0,160.0,160.0,320.0,21.1,341.0,448.0,559.0,589.0,9.5,9.5,8.0,12.5,1.0,12.5,1.0,2.0,5.0,40.0
42,43,"Zhou et al. 1987, No. 214-08",Rectangular,Double Cantilever,Feff provided,Flexure,432.0,160.0,160.0,320.0,21.1,341.0,448.0,559.0,589.0,9.5,9.5,8.0,12.5,1.0,12.5,1.0,2.0,5.0,40.0
43,44,"Zhou et al. 1987, No. 223-09",Rectangular,Double Cantilever,Feff provided,Flexure-Shear,486.0,160.0,160.0,320.0,21.1,341.0,448.0,559.0,589.0,9.5,9.5,8.0,12.5,1.0,12.5,1.0,3.4,5.0,40.0
44,45,"Zhou et al. 1987, No. 302-07",Rectangular,Double Cantilever,Feff provided,Flexure-Shear,517.0,160.0,160.0,480.0,28.8,341.0,448.0,559.0,589.0,9.5,9.5,8.0,12.5,1.0,12.5,1.0,2.0,5.0,40.0
45,46,"Zhou et al. 1987, No. 312-07",Rectangular,Double Cantilever,Feff provided,Flexure-Shear,517.0,160.0,160.0,480.0,28.8,341.0,448.0,559.0,589.0,9.5,9.5,8.0,12.5,1.0,12.5,1.0,2.0,5.0,40.0
46,47,"Zhou et al. 1987, No. 322-07",Rectangular,Double Cantilever,Feff provided,Flexure-Shear,517.0,160.0,160.0,480.0,28.8,341.0,448.0,559.0,589.0,9.5,9.5,8.0,12.5,1.0,12.5,1.0,3.4,5.0,40.0
47,48,"Kanda et al. 1988, 85STC-1",Rectangular,Double Cantilever,Shear provided,Flexure,184.0,250.0,250.0,750.0,27.9,374.0,494.0,506.0,540.0,12.7,12.7,8.0,35.0,1.0,35.0,1.0,2.0,5.5,50.0
48,49,"Kanda et al. 1988, 85STC-2",Rectangular,Double Cantilever,Shear provided,Flexure,184.0,250.0,250.0,750.0,27.9,374.0,494.0,506.0,540.0,12.7,12.7,8.0,35.0,1.0,35.0,1.0,2.0,5.5,50.0
49,50,"Kanda et al. 1988, 85STC-3",Rectangular,Double Cantilever,Shear provided,Flexure,184.0,250.0,250.0,750.0,27.9,374.0,494.0,506.0,540.0,12.7,12.7,8.0,35.0,1.0,35.0,1.0,2.0,5.5,50.0
50,51,"Kanda et al. 1988, 85PDC-1",Rectangular,Double Cantilever,Shear provided,Flexure,184.0,250.0,250.0,750.0,24.8,374.0,494.0,352.0,0.0,12.7,12.7,8.0,35.0,1.0,35.0,1.0,2.0,5.5,50.0
51,52,"Kanda et al. 1988, 85PDC-2",Rectangular,Double Cantilever,Shear provided,Flexure,184.0,250.0,250.0,750.0,27.9,374.0,494.0,506.0,540.0,12.7,12.7,8.0,35.0,1.0,35.0,1.0,2.0,5.5,50.0
52,53,"Kanda et al. 1988, 85PDC-3",Rectangular,Double Cantilever,Shear provided,Flexure,184.0,250.0,250.0,750.0,27.9,374.0,494.0,506.0,540.0,12.7,12.7,8.0,35.0,1.0,35.0,1.0,2.0,5.5,50.0
53,54,"Arakawa et al. 1989, OA2",Rectangular,Double Cantilever,Feff provided,Shear,190.0,180.0,180.0,225.0,31.8,340.0,0.0,249.0,0.0,12.7,12.7,8.0,10.0,1.0,10.0,1.0,2.0,4.0,64.3
54,55,"Arakawa et al. 1989, OA5",Rectangular,Double Cantilever,Feff provided,Shear,476.0,180.0,180.0,225.0,33.0,340.0,0.0,249.0,0.0,12.7,12.7,8.0,10.0,1.0,10.0,1.0,2.0,4.0,64.3
55,56,"Muguruma et al. 1989, AL-1",Rectangular,Double Ended,Shear provided,Flexure,1371.0,200.0,200.0,500.0,85.7,399.6,0.0,328.4,0.0,12.7,12.7,12.0,9.0,2.0,9.0,2.0,4.0,6.0,35.0
56,57,"Muguruma et al. 1989, AH-1",Rectangular,Double Ended,Shear provided,Flexure,1371.0,200.0,200.0,500.0,85.7,399.6,0.0,792.3,0.0,12.7,12.7,12.0,9.0,2.0,9.0,2.0,4.0,6.0,35.0
57,58,"Muguruma et al. 1989, AL-2",Rectangular,Double Ended,Shear provided,Flexure,2156.0,200.0,200.0,500.0,85.7,399.6,0.0,328.4,0.0,12.7,12.7,12.0,9.0,2.0,9.0,2.0,4.0,6.0,35.0
58,59,"Mugumura et al. 1989, AH-2",Rectangular,Double Ended,Shear provided,Flexure,2156.0,200.0,200.0,500.0,85.7,399.6,0.0,792.3,0.0,12.7,12.7,12.0,9.0,2.0,9.0,2.0,4.0,6.0,35.0
59,60,"Muguruma et al. 1989, BL-1",Rectangular,Double Ended,Shear provided,Flexure,1176.0,200.0,200.0,500.0,115.8,399.6,0.0,328.4,0.0,12.7,12.7,12.0,9.0,2.0,9.0,2.0,4.0,6.0,35.0
60,61,"Muguruma et al. 1989, BH-1",Rectangular,Double Ended,Shear provided,Flexure,1176.0,200.0,200.0,500.0,115.8,399.6,0.0,792.3,0.0,12.7,12.7,12.0,9.0,2.0,9.0,2.0,4.0,6.0,35.0
61,62,"Muguruma et al. 1989, BL-2",Rectangular,Double Ended,Shear provided,Flexure,1959.0,200.0,200.0,500.0,115.8,399.6,0.0,328.4,0.0,12.7,12.7,12.0,9.0,2.0,9.0,2.0,4.0,6.0,35.0
62,63,"Muguruma et al. 1989, BH-2",Rectangular,Double Ended,Shear provided,Flexure,1959.0,200.0,200.0,500.0,115.8,399.6,0.0,792.3,0.0,12.7,12.7,12.0,9.0,2.0,9.0,2.0,4.0,6.0,35.0
63,64,"Ono et al. 1989, CA025C",Rectangular,Double Cantilever,Shear provided,Flexure-Shear,265.0,200.0,200.0,300.0,25.8,361.0,533.0,426.0,595.0,9.5,9.5,12.0,19.0,2.0,19.0,2.0,4.0,6.0,70.0
64,65,"Ono et al. 1989, CA060C",Rectangular,Double Cantilever,Shear provided,Flexure-Shear,636.0,200.0,200.0,300.0,25.8,361.0,533.0,426.0,595.0,9.5,9.5,12.0,19.0,2.0,19.0,2.0,4.0,6.0,70.0
65,66,"Sakai et al. 1990, B1",Rectangular,Double Cantilever,Feff provided,Flexure,2176.0,250.0,250.0,500.0,99.5,379.0,571.0,774.0,857.0,12.7,12.7,12.0,23.5,2.0,23.5,2.0,4.0,5.0,60.0
66,67,"Sakai et al. 1990, B2",Rectangular,Double Cantilever,Feff provided,Flexure,2176.0,250.0,250.0,500.0,99.5,379.0,571.0,774.0,857.0,12.7,12.7,12.0,23.5,2.0,23.5,2.0,4.0,5.0,40.0
67,68,"Sakai et al. 1990, B3",Rectangular,Double Cantilever,Feff provided,Flexure,2176.0,250.0,250.0,500.0,99.5,379.0,571.0,344.0,381.0,12.7,12.7,12.0,23.5,2.0,23.5,2.0,4.0,5.5,60.0
68,69,"Sakai et al. 1990, B4",Rectangular,Double Cantilever,Feff provided,Flexure,2176.0,250.0,250.0,500.0,99.5,379.0,571.0,1126.0,1315.0,12.7,12.7,12.0,23.5,2.0,23.5,2.0,4.0,5.0,60.0
69,70,"Sakai et al. 1990, B5",Rectangular,Double Cantilever,Feff provided,Flexure,2176.0,250.0,250.0,500.0,99.5,379.0,571.0,774.0,857.0,12.7,12.7,12.0,23.5,2.0,23.5,2.0,2.0,5.0,30.0
70,71,"Sakai et al. 1990, B6",Rectangular,Double Cantilever,Feff provided,Flexure,2176.0,250.0,250.0,500.0,99.5,379.0,571.0,857.0,934.0,12.7,12.7,12.0,23.5,2.0,23.5,2.0,2.0,7.0,60.0
71,72,"Sakai et al. 1990, B7",Rectangular,Double Cantilever,Feff provided,Flexure,2176.0,250.0,250.0,500.0,99.5,339.0,512.0,774.0,857.0,19.0,19.0,4.0,30.5,0.0,30.5,0.0,2.0,5.0,30.0
72,73,"Amitsu et al. 1991, CB060C",Rectangular,Double Cantilever,Shear provided,Flexure-Shear,2632.0,278.0,278.0,323.0,46.3,441.0,0.0,414.0,0.0,13.0,13.0,24.0,28.0,3.0,28.0,3.0,4.0,6.0,52.0
73,74,"Wight and Sozen 1973, No. 40.033a(East)",Rectangular,Double Ended,P Ram rotation decreases V,Flexure-Shear,189.0,152.0,305.0,876.0,34.7,496.0,835.0,345.0,551.0,19.0,19.0,4.0,22.3,0.0,35.0,0.0,2.0,6.3,127.0
74,75,"Wight and Sozen 1973, No. 40.033a(West)",Rectangular,Double Ended,P Ram rotation decreases V,Flexure-Shear,189.0,152.0,305.0,876.0,34.7,496.0,835.0,345.0,551.0,19.0,19.0,4.0,22.3,0.0,35.0,0.0,2.0,6.3,127.0
75,76,"Wight and Sozen 1973, No. 40.048(East)",Rectangular,Double Ended,P Ram rotation decreases V,Flexure-Shear,178.0,152.0,305.0,876.0,26.1,496.0,835.0,345.0,551.0,19.0,19.0,4.0,22.3,0.0,35.0,0.0,2.0,6.3,89.0
76,77,"Wight and Sozen 1973, No. 40.048(West)",Rectangular,Double Ended,P Ram rotation decreases V,Flexure-Shear,178.0,152.0,305.0,876.0,26.1,496.0,835.0,345.0,551.0,19.0,19.0,4.0,22.3,0.0,35.0,0.0,2.0,6.3,89.0
77,78,"Wight and Sozen 1973, No. 40.033(East)",Rectangular,Double Ended,P Ram rotation decreases V,Flexure-Shear,178.0,152.0,305.0,876.0,33.6,496.0,835.0,345.0,551.0,19.0,19.0,4.0,22.3,0.0,35.0,0.0,2.0,6.3,127.0
78,79,"Wight and Sozen 1973, No. 40.033(West)",Rectangular,Double Ended,P Ram rotation decreases V,Flexure-Shear,178.0,152.0,305.0,876.0,33.6,496.0,835.0,345.0,551.0,19.0,19.0,4.0,22.3,0.0,35.0,0.0,2.0,6.3,127.0
79,80,"Wight and Sozen 1973, No. 25.033(East)",Rectangular,Double Ended,P Ram rotation decreases V,Shear,111.0,152.0,305.0,876.0,33.6,496.0,835.0,345.0,551.0,19.0,19.0,4.0,22.3,0.0,35.0,0.0,2.0,6.3,127.0
80,81,"Wight and Sozen 1973, No. 25.033(West)",Rectangular,Double Ended,P Ram rotation decreases V,Flexure-Shear,111.0,152.0,305.0,876.0,33.6,496.0,835.0,345.0,551.0,19.0,19.0,4.0,22.3,0.0,35.0,0.0,2.0,6.3,127.0
81,82,"Wight and Sozen 1973, No. 40.067(East)",Rectangular,Double Ended,P Ram rotation decreases V,Flexure-Shear,178.0,152.0,305.0,876.0,33.4,496.0,835.0,345.0,551.0,19.0,19.0,4.0,22.3,0.0,35.0,0.0,2.0,6.3,64.0
82,83,"Wight and Sozen 1973, No. 40.067(West)",Rectangular,Double Ended,P Ram rotation decreases V,Flexure-Shear,178.0,152.0,305.0,876.0,33.4,496.0,835.0,345.0,551.0,19.0,19.0,4.0,22.3,0.0,35.0,0.0,2.0,6.3,64.0
83,84,"Wight and Sozen 1973, No. 40.147(East)",Rectangular,Double Ended,P Ram rotation decreases V,Flexure-Shear,178.0,152.0,305.0,876.0,33.5,496.0,835.0,317.0,482.0,19.0,19.0,4.0,19.1,0.0,32.0,0.0,2.0,9.5,64.0
84,85,"Wight and Sozen 1973, No. 40.147(West)",Rectangular,Double Ended,P Ram rotation decreases V,Flexure-Shear,178.0,152.0,305.0,876.0,33.5,496.0,835.0,317.0,482.0,19.0,19.0,4.0,19.1,0.0,32.0,0.0,2.0,9.5,64.0
85,86,"Wight and Sozen 1973, No. 40.092(East)",Rectangular,Double Ended,P Ram rotation decreases V,Flexure-Shear,178.0,152.0,305.0,876.0,33.5,496.0,835.0,317.0,482.0,19.0,19.0,4.0,19.1,0.0,32.0,0.0,2.0,9.5,102.0
86,87,"Wight and Sozen 1973, No. 40.092(West)",Rectangular,Double Ended,P Ram rotation decreases V,Flexure-Shear,178.0,152.0,305.0,876.0,33.5,496.0,835.0,317.0,482.0,19.0,19.0,4.0,19.1,0.0,32.0,0.0,2.0,9.5,102.0
87,88,"Atalay and Penzien 1975, No. 1S1",Rectangular,Double Ended,Shear provided,Flexure,267.0,305.0,305.0,1676.0,29.1,367.0,578.0,363.0,535.0,22.0,22.0,4.0,32.0,0.0,32.0,0.0,2.0,9.5,76.0
88,89,"Atalay and Penzien 1975, No. 2S1",Rectangular,Double Ended,Shear provided,Flexure,267.0,305.0,305.0,1676.0,30.7,367.0,578.0,363.0,535.0,22.0,22.0,4.0,32.0,0.0,32.0,0.0,2.0,9.5,127.0
89,90,"Atalay and Penzien 1975, No. 3S1",Rectangular,Double Ended,Shear provided,Flexure,267.0,305.0,305.0,1676.0,29.2,367.0,578.0,363.0,535.0,22.0,22.0,4.0,32.0,0.0,32.0,0.0,2.0,9.5,76.0
90,91,"Atalay and Penzien 1975, No. 4S1",Rectangular,Double Ended,Shear provided,Flexure,267.0,305.0,305.0,1676.0,27.6,429.0,657.0,363.0,535.0,22.0,22.0,4.0,32.0,0.0,32.0,0.0,2.0,9.5,127.0
91,92,"Atalay and Penzien 1975, No. 5S1",Rectangular,Double Ended,Shear provided,Flexure,534.0,305.0,305.0,1676.0,29.4,429.0,657.0,392.0,530.0,22.0,22.0,4.0,32.0,0.0,32.0,0.0,2.0,9.5,76.0
92,93,"Atalay and Penzien 1975, No. 6S1",Rectangular,Double Ended,Shear provided,Flexure,534.0,305.0,305.0,1676.0,31.8,429.0,657.0,392.0,530.0,22.0,22.0,4.0,32.0,0.0,32.0,0.0,2.0,9.5,127.0
93,94,"Atalay and Penzien 1975, No. 9",Rectangular,Double Ended,Shear provided,Flexure,801.0,305.0,305.0,1676.0,33.3,363.0,563.0,392.0,530.0,22.0,22.0,4.0,32.0,0.0,32.0,0.0,2.0,9.5,76.0
94,95,"Atalay and Penzien 1975, No. 10",Rectangular,Double Ended,Shear provided,Flexure,801.0,305.0,305.0,1676.0,32.4,363.0,563.0,392.0,530.0,22.0,22.0,4.0,32.0,0.0,32.0,0.0,2.0,9.5,127.0
95,96,"Atalay and Penzien 1975, No. 11",Rectangular,Double Ended,Shear provided,Flexure,801.0,305.0,305.0,1676.0,31.0,363.0,563.0,373.0,492.0,22.0,22.0,4.0,32.0,0.0,32.0,0.0,2.0,9.5,76.0
96,97,"Atalay and Penzien 1975, No. 12",Rectangular,Double Ended,Shear provided,Flexure,801.0,305.0,305.0,1676.0,31.8,363.0,563.0,373.0,492.0,22.0,22.0,4.0,32.0,0.0,32.0,0.0,2.0,9.5,127.0
97,98,"Umehara and Jirsa 1982, CUS",Rectangular,Double Cantilever,P Ram rotation increases V,Shear,534.0,230.0,410.0,455.0,34.9,441.0,745.0,414.0,552.0,19.0,19.0,10.0,25.0,0.0,25.0,3.0,2.0,6.0,89.0
98,99,"Umehara and Jirsa 1982, CUW",Rectangular,Double Cantilever,P Ram rotation increases V,Shear,534.0,410.0,230.0,455.0,34.9,441.0,745.0,414.0,552.0,19.0,19.0,10.0,25.0,3.0,25.0,0.0,2.0,6.0,89.0
99,100,"Umehara and Jirsa 1982, 2CUS",Rectangular,Double Cantilever,P Ram rotation increases V,Shear,1068.0,230.0,410.0,455.0,42.0,441.0,745.0,414.0,552.0,19.0,19.0,10.0,25.0,0.0,25.0,3.0,4.0,6.0,89.0
100,101,"Bett et al. 1985 , No. 1-1",Rectangular,Double Cantilever,P Ram rotation increases V,Shear,288.0,305.0,305.0,457.0,29.9,462.0,772.0,414.0,607.0,19.0,19.0,8.0,25.0,1.0,25.0,1.0,2.0,6.0,210.0
101,102,"Azizinamini et al. 1988, NC-2",Rectangular,Double Ended,P Ram rotation decreases V,Flexure,1690.0,457.0,457.0,1372.0,39.3,439.0,736.0,454.0,696.0,25.4,25.4,8.0,38.1,1.0,38.1,1.0,3.4,12.7,102.0
102,103,"Azizinamini et al. 1988, NC-4",Rectangular,Double Ended,P Ram rotation decreases V,Flexure,2580.0,457.0,457.0,1372.0,39.8,439.0,736.0,616.0,698.0,25.4,25.4,8.0,41.3,1.0,41.3,1.0,3.4,9.5,102.0
103,104,"Saatcioglu and Ozcebe 1989, U1",Rectangular,Cantilever,Shear provided,Flexure,0.0,350.0,350.0,1000.0,43.6,430.0,0.0,470.0,0.0,25.0,25.0,8.0,22.5,1.0,22.5,1.0,2.0,10.0,150.0
104,105,"Saatcioglu and Ozcebe 1989, U3",Rectangular,Cantilever,Shear provided,Flexure,600.0,350.0,350.0,1000.0,34.8,430.0,0.0,470.0,0.0,25.0,25.0,8.0,22.5,1.0,22.5,1.0,2.0,10.0,75.0
105,106,"Saatcioglu and Ozcebe 1989, U4",Rectangular,Cantilever,Shear provided,Flexure,600.0,350.0,350.0,1000.0,32.0,438.0,0.0,470.0,0.0,25.0,25.0,8.0,22.5,1.0,22.5,1.0,2.0,10.0,50.0
106,107,"Saatcioglu and Ozcebe 1989, U6",Rectangular,Cantilever,Shear provided,Flexure,600.0,350.0,350.0,1000.0,37.3,437.0,0.0,425.0,0.0,25.0,25.0,8.0,26.0,1.0,26.0,1.0,6.0,6.4,65.0
107,108,"Saatcioglu and Ozcebe 1989, U7",Rectangular,Cantilever,Shear provided,Flexure,600.0,350.0,350.0,1000.0,39.0,437.0,0.0,425.0,0.0,25.0,25.0,8.0,26.0,1.0,26.0,1.0,6.0,6.4,65.0
108,109,"Galeota et al. 1996, AA1",Rectangular,Double Ended,Shear provided,Flexure,1500.0,250.0,250.0,1140.0,80.0,430.0,0.0,430.0,0.0,10.0,10.0,12.0,30.0,2.0,30.0,2.0,4.0,8.0,150.0
109,110,"Galeota et al. 1996, AA2",Rectangular,Double Ended,Shear provided,Flexure,1500.0,250.0,250.0,1140.0,80.0,430.0,0.0,430.0,0.0,10.0,10.0,12.0,30.0,2.0,30.0,2.0,4.0,8.0,150.0
110,111,"Galeota et al. 1996, AA3",Rectangular,Double Ended,Shear provided,Flexure,1000.0,250.0,250.0,1140.0,80.0,430.0,0.0,430.0,0.0,10.0,10.0,12.0,30.0,2.0,30.0,2.0,4.0,8.0,150.0
111,112,"Galeota et al. 1996, AA4",Rectangular,Double Ended,Shear provided,Flexure,1000.0,250.0,250.0,1140.0,80.0,430.0,0.0,430.0,0.0,10.0,10.0,12.0,30.0,2.0,30.0,2.0,4.0,8.0,150.0
112,113,"Galeota et al. 1996, BA1",Rectangular,Double Ended,Shear provided,Flexure,1000.0,250.0,250.0,1140.0,80.0,430.0,0.0,430.0,0.0,10.0,10.0,12.0,30.0,2.0,30.0,2.0,4.0,8.0,100.0
113,114,"Galeota et al. 1996, BA2",Rectangular,Double Ended,Shear provided,Flexure,1500.0,250.0,250.0,1140.0,80.0,430.0,0.0,430.0,0.0,10.0,10.0,12.0,30.0,2.0,30.0,2.0,4.0,8.0,100.0
114,115,"Galeota et al. 1996, BA3",Rectangular,Double Ended,Shear provided,Flexure,1500.0,250.0,250.0,1140.0,80.0,430.0,0.0,430.0,0.0,10.0,10.0,12.0,30.0,2.0,30.0,2.0,4.0,8.0,100.0
115,116,"Galeota et al. 1996, BA4",Rectangular,Double Ended,Shear provided,Flexure,1000.0,250.0,250.0,1140.0,80.0,430.0,0.0,430.0,0.0,10.0,10.0,12.0,30.0,2.0,30.0,2.0,4.0,8.0,100.0
116,117,"Galeota et al. 1996, CA1",Rectangular,Double Ended,Shear provided,Flexure,1000.0,250.0,250.0,1140.0,80.0,430.0,0.0,430.0,0.0,10.0,10.0,12.0,30.0,2.0,30.0,2.0,4.0,8.0,50.0
117,118,"Galeota et al. 1996, CA2",Rectangular,Double Ended,Shear provided,Flexure,1500.0,250.0,250.0,1140.0,80.0,430.0,0.0,430.0,0.0,10.0,10.0,12.0,30.0,2.0,30.0,2.0,4.0,8.0,50.0
118,119,"Galeota et al. 1996, CA3",Rectangular,Double Ended,Shear provided,Flexure,1000.0,250.0,250.0,1140.0,80.0,430.0,0.0,430.0,0.0,10.0,10.0,12.0,30.0,2.0,30.0,2.0,4.0,8.0,50.0
119,120,"Galeota et al. 1996, CA4",Rectangular,Double Ended,Shear provided,Flexure,1500.0,250.0,250.0,1140.0,80.0,430.0,0.0,430.0,0.0,10.0,10.0,12.0,30.0,2.0,30.0,2.0,4.0,8.0,50.0
120,121,"Galeota et al. 1996, AB1",Rectangular,Double Ended,Shear provided,Flexure,1000.0,250.0,250.0,1140.0,80.0,430.0,0.0,430.0,0.0,20.0,20.0,12.0,30.0,2.0,30.0,2.0,4.0,8.0,150.0
121,122,"Galeota et al. 1996, AB2",Rectangular,Double Ended,Shear provided,Flexure,1500.0,250.0,250.0,1140.0,80.0,430.0,0.0,430.0,0.0,20.0,20.0,12.0,30.0,2.0,30.0,2.0,4.0,8.0,150.0
122,123,"Galeota et al. 1996, AB3",Rectangular,Double Ended,Shear provided,Flexure,1500.0,250.0,250.0,1140.0,80.0,430.0,0.0,430.0,0.0,20.0,20.0,12.0,30.0,2.0,30.0,2.0,4.0,8.0,150.0
123,124,"Galeota et al. 1996, AB4",Rectangular,Double Ended,Shear provided,Flexure,1000.0,250.0,250.0,1140.0,80.0,430.0,0.0,430.0,0.0,20.0,20.0,12.0,30.0,2.0,30.0,2.0,4.0,8.0,150.0
124,125,"Galeota et al. 1996, BB",Rectangular,Double Ended,Shear provided,Flexure,1000.0,250.0,250.0,1140.0,80.0,430.0,0.0,430.0,0.0,20.0,20.0,12.0,30.0,2.0,30.0,2.0,4.0,8.0,100.0
125,126,"Galeota et al. 1996, BB1",Rectangular,Double Ended,Shear provided,Flexure,1000.0,250.0,250.0,1140.0,80.0,430.0,0.0,430.0,0.0,20.0,20.0,12.0,30.0,2.0,30.0,2.0,4.0,8.0,100.0
126,127,"Galeota et al. 1996, BB4",Rectangular,Double Ended,Shear provided,Flexure,1500.0,250.0,250.0,1140.0,80.0,430.0,0.0,430.0,0.0,20.0,20.0,12.0,30.0,2.0,30.0,2.0,4.0,8.0,100.0
127,128,"Galeota et al. 1996, BB4B",Rectangular,Double Ended,Shear provided,Flexure,1500.0,250.0,250.0,1140.0,80.0,430.0,0.0,430.0,0.0,20.0,20.0,12.0,30.0,2.0,30.0,2.0,4.0,8.0,100.0
128,129,"Galeota et al. 1996, CB1",Rectangular,Double Ended,Shear provided,Flexure,1000.0,250.0,250.0,1140.0,80.0,430.0,0.0,430.0,0.0,20.0,20.0,12.0,30.0,2.0,30.0,2.0,4.0,8.0,50.0
129,130,"Galeota et al. 1996, CB2",Rectangular,Double Ended,Shear provided,Flexure,1000.0,250.0,250.0,1140.0,80.0,430.0,0.0,430.0,0.0,20.0,20.0,12.0,30.0,2.0,30.0,2.0,4.0,8.0,50.0
130,131,"Galeota et al. 1996, CB3",Rectangular,Double Ended,Shear provided,Flexure,1500.0,250.0,250.0,1140.0,80.0,430.0,0.0,430.0,0.0,20.0,20.0,12.0,30.0,2.0,30.0,2.0,4.0,8.0,50.0
131,132,"Galeota et al. 1996, CB4",Rectangular,Double Ended,Shear provided,Flexure,1500.0,250.0,250.0,1140.0,80.0,430.0,0.0,430.0,0.0,20.0,20.0,12.0,30.0,2.0,30.0,2.0,4.0,8.0,50.0
132,133,"Wehbe et al. 1998, A1",Rectangular,Cantilever,Feff provided,Flexure,615.0,380.0,610.0,2335.0,27.2,448.0,731.0,428.0,738.0,19.1,19.1,18.0,28.0,2.0,28.0,5.0,4.0,6.0,110.0
133,134,"Wehbe et al. 1998, A2",Rectangular,Cantilever,Feff provided,Flexure,1505.0,380.0,610.0,2335.0,27.2,448.0,731.0,428.0,738.0,19.1,19.1,18.0,28.0,2.0,28.0,5.0,4.0,6.0,110.0
134,135,"Wehbe et al. 1998, B1",Rectangular,Cantilever,Feff provided,Flexure,601.0,380.0,610.0,2335.0,28.1,448.0,731.0,428.0,738.0,19.1,19.1,18.0,25.0,2.0,25.0,5.0,4.0,6.0,83.0
135,136,"Wehbe et al. 1998, B2",Rectangular,Cantilever,Feff provided,Flexure,1514.0,380.0,610.0,2335.0,28.1,448.0,731.0,428.0,738.0,19.1,19.1,18.0,25.0,2.0,25.0,5.0,4.0,6.0,83.0
136,137,"Lynn et al. 1998, 3CLH18",Rectangular,Double Cantilever,Shear provided,Shear,503.0,457.2,457.2,1473.2,26.9,331.0,496.0,399.9,558.0,31.8,31.8,8.0,38.1,1.0,38.1,1.0,2.0,9.5,457.2
137,138,"Lynn et al. 1998, 2CLH18",Rectangular,Double Cantilever,Shear provided,Flexure-Shear,503.0,457.2,457.2,1473.2,33.1,331.0,496.0,399.9,558.0,25.4,25.4,8.0,38.1,1.0,38.1,1.0,2.0,9.5,457.2
138,139,"Lynn et al. 1998, 2CMH18",Rectangular,Double Cantilever,Shear provided,Flexure-Shear,1512.0,457.2,457.2,1473.2,25.5,331.0,496.0,399.9,558.0,25.4,25.4,8.0,38.1,1.0,38.1,1.0,2.0,9.5,457.2
139,140,"Lynn et al. 1998, 3CMH18",Rectangular,Double Cantilever,Shear provided,Shear,1512.0,457.2,457.2,1473.2,27.6,331.0,496.0,399.9,558.0,31.8,31.8,8.0,38.1,1.0,38.1,1.0,2.0,9.5,457.2
140,141,"Lynn et al. 1998, 3CMD12",Rectangular,Double Cantilever,Shear provided,Shear,1512.0,457.2,457.2,1473.2,27.6,331.0,496.0,399.9,558.0,31.8,31.8,8.0,38.1,1.0,38.1,1.0,3.4,9.5,304.8
141,142,"Lynn et al. 1996, 3SLH18",Rectangular,Double Cantilever,Shear provided,Shear,503.0,457.2,457.2,1473.2,26.9,331.0,496.0,399.9,558.0,31.8,31.8,8.0,38.1,1.0,38.1,1.0,2.0,9.5,457.2
142,143,"Lynn et al. 1996, 2SLH18",Rectangular,Double Cantilever,Shear provided,Flexure-Shear,503.0,457.2,457.2,1473.2,33.1,331.0,496.0,399.9,558.0,25.4,25.4,8.0,38.1,1.0,38.1,1.0,2.0,9.5,457.2
143,144,"Lynn et al. 1996, 3SMD12",Rectangular,Double Cantilever,Shear provided,Flexure-Shear,1512.0,457.2,457.2,1473.2,25.5,331.0,496.0,399.9,558.0,31.8,31.8,8.0,38.1,1.0,38.1,1.0,3.4,9.5,304.8
144,145,"Xiao and Martirossyan 1998, HC4-8L19-T10-0.1P",Rectangular,Double Cantilever,Shear provided,Flexure,489.0,254.0,254.0,508.0,76.0,510.0,0.0,510.0,0.0,19.1,19.1,8.0,13.0,1.0,13.0,1.0,3.0,9.3,51.0
145,146,"Xiao and Martirossyan 1998, HC4-8L19-T10-0.2P",Rectangular,Double Cantilever,Shear provided,Flexure,979.0,254.0,254.0,508.0,76.0,510.0,0.0,510.0,0.0,19.1,19.1,8.0,13.0,1.0,13.0,1.0,3.0,9.3,51.0
146,147,"Xiao and Martirossyan 1998, HC4-8L16-T10-0.1P",Rectangular,Double Cantilever,Shear provided,Flexure,534.0,254.0,254.0,508.0,86.0,510.0,0.0,510.0,0.0,15.9,15.9,8.0,13.0,1.0,13.0,1.0,3.0,9.3,51.0
147,148,"Xiao and Martirossyan 1998, HC4-8L16-T10-0.2P",Rectangular,Double Cantilever,Shear provided,Flexure,1068.0,254.0,254.0,508.0,86.0,510.0,0.0,510.0,0.0,15.9,15.9,8.0,13.0,1.0,13.0,1.0,3.0,9.3,51.0
148,149,"Xiao and Martirossyan 1998, HC4-8L16-T6-0.1P",Rectangular,Double Cantilever,Shear provided,Flexure-Shear,534.0,254.0,254.0,508.0,86.0,510.0,0.0,449.0,0.0,15.9,15.9,8.0,13.0,1.0,13.0,1.0,3.0,6.4,51.0
149,150,"Xiao and Martirossyan 1998, HC4-8L16-T6-0.2P",Rectangular,Double Cantilever,Shear provided,Flexure-Shear,1068.0,254.0,254.0,508.0,86.0,510.0,0.0,449.0,0.0,15.9,15.9,8.0,13.0,1.0,13.0,1.0,3.0,6.4,51.0
150,151,"Sugano 1996, UC10H",Rectangular,Double Cantilever,Shear provided,Flexure,3579.0,225.0,225.0,450.0,118.0,393.0,543.0,1415.0,1476.0,10.0,10.0,12.0,11.2,2.0,11.2,2.0,4.0,5.1,45.0
151,152,"Sugano 1996, UC15H",Rectangular,Double Cantilever,Shear provided,Flexure,3579.0,225.0,225.0,450.0,118.0,393.0,543.0,1424.0,1515.0,10.0,10.0,12.0,11.2,2.0,11.2,2.0,4.0,6.4,45.0
152,153,"Sugano 1996, UC20H",Rectangular,Double Cantilever,Shear provided,Flexure,3579.0,225.0,225.0,450.0,118.0,393.0,543.0,1424.0,1515.0,10.0,10.0,12.0,11.2,2.0,11.2,2.0,4.0,6.4,35.0
153,154,"Sugano 1996, UC15L",Rectangular,Double Cantilever,Shear provided,Flexure,2089.0,225.0,225.0,450.0,118.0,393.0,543.0,1424.0,1515.0,10.0,10.0,12.0,11.2,2.0,11.2,2.0,4.0,6.4,45.0
154,155,"Sugano 1996, UC20L",Rectangular,Double Cantilever,Shear provided,Flexure,2089.0,225.0,225.0,450.0,118.0,393.0,543.0,1424.0,1515.0,10.0,10.0,12.0,11.2,2.0,11.2,2.0,4.0,6.4,35.0
155,156,"Nosho et al. 1996, No. 1",Rectangular,Cantilever,P Ram rotation decreases V,Flexure,1076.0,279.4,279.4,2134.0,40.6,407.0,659.0,351.0,390.0,15.9,15.9,4.0,25.4,0.0,25.4,0.0,2.0,6.3,228.6
156,157,"Bayrak and Sheikh 1996, ES-1HT",Rectangular,Cantilever,P Ram rotation decreases V,Flexure,3354.0,305.0,305.0,1842.0,72.1,454.0,700.0,463.0,648.0,19.5,19.5,8.0,11.5,1.0,11.5,1.0,2.0,16.0,95.0
157,158,"Bayrak and Sheikh 1996, AS-2HT",Rectangular,Cantilever,P Ram rotation decreases V,Flexure,2401.0,305.0,305.0,1842.0,71.7,454.0,700.0,542.0,683.0,19.5,19.5,8.0,14.0,1.0,14.0,1.0,3.4,11.3,90.0
158,159,"Bayrak and Sheikh 1996, AS-3HT",Rectangular,Cantilever,P Ram rotation decreases V,Flexure,3340.0,305.0,305.0,1842.0,71.8,454.0,700.0,542.0,683.0,19.5,19.5,8.0,14.0,1.0,14.0,1.0,3.4,11.3,90.0
159,160,"Bayrak and Sheikh 1996, AS-4HT",Rectangular,Cantilever,P Ram rotation decreases V,Flexure,3344.0,305.0,305.0,1842.0,71.9,454.0,700.0,463.0,648.0,19.5,19.5,8.0,11.5,1.0,11.5,1.0,3.4,16.0,100.0
160,161,"Bayrak and Sheikh 1996, AS-5HT",Rectangular,Cantilever,P Ram rotation decreases V,Flexure,4261.0,305.0,305.0,1842.0,101.8,454.0,700.0,463.0,648.0,19.5,19.5,8.0,11.5,1.0,11.5,1.0,3.4,16.0,90.0
161,162,"Bayrak and Sheikh 1996, AS-6HT",Rectangular,Cantilever,P Ram rotation decreases V,Flexure,4360.0,305.0,305.0,1842.0,101.9,454.0,700.0,463.0,648.0,19.5,19.5,8.0,11.5,1.0,11.5,1.0,3.4,16.0,76.0
162,163,"Bayrak and Sheikh 1996, AS-7HT",Rectangular,Cantilever,P Ram rotation decreases V,Flexure,4270.0,305.0,305.0,1842.0,102.0,454.0,700.0,542.0,683.0,19.5,19.5,8.0,14.0,1.0,14.0,1.0,3.4,11.3,94.0
163,164,"Bayrak and Sheikh 1996, ES-8HT",Rectangular,Cantilever,P Ram rotation decreases V,Flexure,4468.0,305.0,305.0,1842.0,102.2,454.0,700.0,463.0,648.0,19.5,19.5,8.0,11.5,1.0,11.5,1.0,2.0,16.0,70.0
164,165,"Saatcioglu and Grira 1999, BG-1",Rectangular,Cantilever,P Ram rotation decreases V,Flexure,1782.0,350.0,350.0,1645.0,34.0,455.6,660.0,570.0,680.0,19.5,19.5,8.0,29.0,1.0,29.0,1.0,3.0,9.5,152.0
165,166,"Saatcioglu and Grira 1999, BG-2",Rectangular,Cantilever,P Ram rotation decreases V,Flexure,1782.0,350.0,350.0,1645.0,34.0,455.6,660.0,570.0,680.0,19.5,19.5,8.0,29.0,1.0,29.0,1.0,3.0,9.5,76.0
166,167,"Saatcioglu and Grira 1999, BG-3",Rectangular,Cantilever,P Ram rotation decreases V,Flexure,831.0,350.0,350.0,1645.0,34.0,455.6,660.0,570.0,680.0,19.5,19.5,8.0,29.0,1.0,29.0,1.0,3.0,9.5,76.0
167,168,"Saatcioglu and Grira 1999, BG-4",Rectangular,Cantilever,P Ram rotation decreases V,Flexure,1923.0,350.0,350.0,1645.0,34.0,455.6,660.0,570.0,680.0,19.5,19.5,12.0,29.0,2.0,29.0,2.0,4.0,9.5,152.0
168,169,"Saatcioglu and Grira 1999, BG-5",Rectangular,Cantilever,P Ram rotation decreases V,Flexure,1923.0,350.0,350.0,1645.0,34.0,455.6,660.0,570.0,680.0,19.5,19.5,12.0,29.0,2.0,29.0,2.0,4.0,9.5,76.0
169,170,"Saatcioglu and Grira 1999, BG-6",Rectangular,Cantilever,P Ram rotation decreases V,Flexure,1900.0,350.0,350.0,1645.0,34.0,477.8,700.0,570.0,680.0,29.9,29.9,4.0,29.0,0.0,29.0,0.0,4.0,9.5,76.0
170,171,"Saatcioglu and Grira 1999, BG-7",Rectangular,Cantilever,P Ram rotation decreases V,Flexure,1923.0,350.0,350.0,1645.0,34.0,455.6,660.0,580.0,720.0,19.5,19.5,12.0,29.0,2.0,29.0,2.0,4.0,6.6,76.0
171,172,"Saatcioglu and Grira 1999, BG-8",Rectangular,Cantilever,P Ram rotation decreases V,Flexure,961.0,350.0,350.0,1645.0,34.0,455.6,660.0,580.0,720.0,19.5,19.5,12.0,29.0,2.0,29.0,2.0,4.0,6.6,76.0
172,173,"Saatcioglu and Grira 1999, BG-9",Rectangular,Cantilever,P Ram rotation decreases V,Flexure,1923.0,350.0,350.0,1645.0,34.0,427.8,675.0,580.0,720.0,16.0,16.0,20.0,29.0,4.0,29.0,4.0,4.0,6.6,76.0
173,174,"Saatcioglu and Grira 1999, BG-10",Rectangular,Cantilever,P Ram rotation decreases V,Flexure,1923.0,350.0,350.0,1645.0,34.0,427.8,675.0,570.0,680.0,16.0,16.0,20.0,29.0,4.0,29.0,4.0,4.0,9.5,76.0
174,175,"Matamoros et al. 1999,C10-05N",Rectangular,Cantilever,Shear provided,Flexure,142.0,203.0,203.0,610.0,69.6,586.1,739.5,406.8,639.5,15.9,15.9,4.0,40.0,0.0,32.7,0.0,2.0,9.5,76.2
175,176,"Matamoros et al. 1999,C10-05S",Rectangular,Cantilever,Shear provided,Flexure,142.0,203.0,203.0,610.0,69.6,586.1,739.5,406.8,639.5,15.9,15.9,4.0,39.8,0.0,33.9,0.0,2.0,9.5,76.2
176,177,"Matamoros et al. 1999,C10-10N",Rectangular,Cantilever,Shear provided,Flexure,285.0,203.0,203.0,610.0,67.8,572.3,730.8,513.7,760.2,15.9,15.9,4.0,25.8,0.0,17.4,0.0,2.0,9.5,76.2
177,178,"Matamoros et al. 1999,C10-10S",Rectangular,Cantilever,Shear provided,Flexure,285.0,203.0,203.0,610.0,67.8,573.3,731.8,514.7,761.2,15.9,15.9,4.0,23.8,0.0,17.4,0.0,2.0,9.5,77.2
178,179,"Matamoros et al. 1999,C10-20N",Rectangular,Cantilever,Shear provided,Flexure,569.0,203.0,203.0,610.0,65.5,572.3,730.8,513.7,760.2,15.9,15.9,4.0,22.0,0.0,14.9,0.0,2.0,9.5,76.2
179,180,"Matamoros et al. 1999,C10-20S",Rectangular,Cantilever,Shear provided,Flexure,569.0,203.0,203.0,610.0,65.5,573.3,731.8,514.7,761.2,15.9,15.9,4.0,14.6,0.0,24.3,0.0,2.0,9.5,77.2
180,181,"Matamoros et al. 1999,C5-00N",Rectangular,Cantilever,Shear provided,Flexure,0.0,203.0,203.0,610.0,37.9,572.3,729.1,513.7,760.2,15.9,15.9,4.0,24.0,0.0,14.6,0.0,2.0,9.5,76.2
181,182,"Matamoros et al. 1999,C5-00S",Rectangular,Cantilever,Shear provided,Flexure,0.0,203.0,203.0,610.0,37.9,573.3,730.1,514.7,761.2,15.9,15.9,4.0,27.8,0.0,12.6,0.0,2.0,9.5,77.2
182,183,"Matamoros et al. 1999,C5-20N",Rectangular,Cantilever,Shear provided,Flexure,285.0,203.0,203.0,610.0,48.3,586.1,739.5,406.8,639.5,15.9,15.9,4.0,38.3,0.0,32.7,0.0,2.0,9.5,76.2
183,184,"Matamoros et al. 1999,C5-20S",Rectangular,Cantilever,Shear provided,Flexure,285.0,203.0,203.0,610.0,48.3,587.1,740.5,407.8,640.5,15.9,15.9,4.0,39.0,0.0,34.2,0.0,2.0,9.5,77.2
184,185,"Matamoros et al. 1999,C5-40N",Rectangular,Cantilever,Shear provided,Flexure,569.0,203.0,203.0,610.0,38.1,572.3,729.1,513.7,760.2,15.9,15.9,4.0,20.7,0.0,17.7,0.0,2.0,9.5,76.2
185,186,"Matamoros et al. 1999,C5-40S",Rectangular,Cantilever,Shear provided,Flexure,569.0,203.0,203.0,610.0,38.1,573.3,730.1,514.7,761.2,15.9,15.9,4.0,20.7,0.0,20.7,0.0,2.0,9.5,77.2
186,187,"Mo and Wang 2000,C1-1",Rectangular,Cantilever,P Ram rotation decreases V,Flexure,450.0,400.0,400.0,1400.0,24.9,497.0,592.0,459.5,576.5,19.0,19.0,12.0,34.0,2.0,34.0,2.0,4.0,6.3,50.0
187,188,"Mo and Wang 2000,C1-2",Rectangular,Cantilever,P Ram rotation decreases V,Flexure,675.0,400.0,400.0,1400.0,26.7,497.0,592.0,459.5,576.5,19.0,19.0,12.0,34.0,2.0,34.0,2.0,4.0,6.3,50.0
188,189,"Mo and Wang 2000,C1-3",Rectangular,Cantilever,P Ram rotation decreases V,Flexure,900.0,400.0,400.0,1400.0,26.1,497.0,592.0,459.5,576.5,19.0,19.0,12.0,34.0,2.0,34.0,2.0,4.0,6.3,50.0
189,190,"Mo and Wang 2000,C2-1",Rectangular,Cantilever,P Ram rotation decreases V,Flexure,450.0,400.0,400.0,1400.0,25.3,497.0,592.0,459.5,576.5,19.0,19.0,12.0,34.0,2.0,34.0,2.0,4.0,6.3,52.0
190,191,"Mo and Wang 2000,C2-2",Rectangular,Cantilever,P Ram rotation decreases V,Flexure,675.0,400.0,400.0,1400.0,27.1,497.0,592.0,459.5,576.5,19.0,19.0,12.0,34.0,2.0,34.0,2.0,4.0,6.3,52.0
191,192,"Mo and Wang 2000,C2-3",Rectangular,Cantilever,P Ram rotation decreases V,Flexure,900.0,400.0,400.0,1400.0,26.8,497.0,592.0,459.5,576.5,19.0,19.0,12.0,34.0,2.0,34.0,2.0,4.0,6.3,52.0
192,193,"Mo and Wang 2000,C3-1",Rectangular,Cantilever,P Ram rotation decreases V,Flexure,450.0,400.0,400.0,1400.0,26.4,497.0,592.0,459.5,576.5,19.0,19.0,12.0,34.0,2.0,34.0,2.0,4.0,6.3,54.0
193,194,"Mo and Wang 2000,C3-2",Rectangular,Cantilever,P Ram rotation decreases V,Flexure,675.0,400.0,400.0,1400.0,27.5,497.0,592.0,459.5,576.5,19.0,19.0,12.0,34.0,2.0,34.0,2.0,4.0,6.3,54.0
194,195,"Mo and Wang 2000,C3-3",Rectangular,Cantilever,P Ram rotation decreases V,Flexure,900.0,400.0,400.0,1400.0,26.9,497.0,592.0,459.5,576.5,19.0,19.0,12.0,34.0,2.0,34.0,2.0,4.0,6.3,54.0
195,196,"Aboutaha and Machado 1999, ORC1",Rectangular,Cantilever,,Flexure,0.0,305.0,508.0,1829.0,83.0,0.0,0.0,0.0,0.0,25.0,25.0,8.0,0.0,1.0,0.0,1.0,4.0,10.0,75.0
196,197,"Aboutaha and Machado 1999, ORC2",Rectangular,Cantilever,,Flexure,1543.0,305.0,508.0,1829.0,83.0,0.0,0.0,0.0,0.0,25.0,25.0,8.0,0.0,1.0,0.0,1.0,4.0,10.0,75.0
197,198,"Aboutaha and Machado 1999, ORC3",Rectangular,Cantilever,,Flexure,2058.0,305.0,508.0,1829.0,83.0,0.0,0.0,0.0,0.0,25.0,25.0,8.0,0.0,1.0,0.0,1.0,4.0,10.0,75.0
198,199,"Aboutaha et al. 1999, SC3",Rectangular,Cantilever,Feff provided,Shear,0.0,914.4,457.2,1219.2,21.9,434.0,690.0,400.0,627.0,25.0,25.0,16.0,38.0,6.0,38.0,0.0,5.0,9.5,406.4
199,200,"Aboutaha et al. 1999, SC9",Rectangular,Cantilever,Feff provided,Shear,0.0,457.2,914.4,1219.2,16.0,434.0,690.0,400.0,627.0,25.0,25.0,16.0,38.0,0.0,38.0,6.0,2.0,9.5,406.4
200,201,"Thomsen and Wallace 1994, A1",Rectangular,Cantilever,Feff provided,Flexure,0.0,152.4,152.4,596.9,102.7,517.1,896.0,793.0,814.0,9.5,9.5,8.0,11.1,1.0,11.1,1.0,3.0,3.2,25.4
201,202,"Thomsen and Wallace 1994, A3",Rectangular,Cantilever,Feff provided,Flexure,401.0,152.4,152.4,596.9,86.3,517.1,896.0,793.0,814.0,9.5,9.5,8.0,11.1,1.0,11.1,1.0,3.0,3.2,25.4
202,203,"Thomsen and Wallace 1994, B1",Rectangular,Cantilever,Feff provided,Flexure,0.0,152.4,152.4,596.9,87.5,455.1,758.0,793.0,814.0,9.5,9.5,8.0,11.1,1.0,11.1,1.0,3.4,3.2,25.4
203,204,"Thomsen and Wallace 1994, B2",Rectangular,Cantilever,Feff provided,Flexure,194.0,152.4,152.4,596.9,83.4,455.1,758.0,793.0,814.0,9.5,9.5,8.0,11.1,1.0,11.1,1.0,3.4,3.2,25.4
204,205,"Thomsen and Wallace 1994, B3",Rectangular,Cantilever,Feff provided,Flexure,418.0,152.4,152.4,596.9,90.0,455.1,758.0,793.0,814.0,9.5,9.5,8.0,11.1,1.0,11.1,1.0,3.4,3.2,25.4
205,206,"Thomsen and Wallace 1994, C1",Rectangular,Cantilever,Feff provided,Flexure,0.0,152.4,152.4,596.9,67.5,475.8,738.0,1262.0,1448.0,9.5,9.5,8.0,11.1,1.0,11.1,1.0,3.4,3.2,25.4
206,207,"Thomsen and Wallace 1994, C2",Rectangular,Cantilever,Feff provided,Flexure,173.0,152.4,152.4,596.9,74.6,475.8,738.0,1262.0,1448.0,9.5,9.5,8.0,11.1,1.0,11.1,1.0,3.4,3.2,25.4
207,208,"Thomsen and Wallace 1994, C3",Rectangular,Cantilever,Feff provided,Flexure,380.0,152.4,152.4,596.9,81.8,475.8,738.0,1262.0,1448.0,9.5,9.5,8.0,11.1,1.0,11.1,1.0,3.4,3.2,25.4
208,209,"Thomsen and Wallace 1994, D1",Rectangular,Cantilever,Feff provided,Flexure,352.0,152.4,152.4,596.9,75.8,475.8,738.0,1262.0,1448.0,9.5,9.5,8.0,11.1,1.0,11.1,1.0,3.4,3.2,31.8
209,210,"Thomsen and Wallace 1994, D2",Rectangular,Cantilever,Feff provided,Flexure,404.0,152.4,152.4,596.9,87.0,475.8,738.0,1262.0,1448.0,9.5,9.5,8.0,11.1,1.0,11.1,1.0,3.4,3.2,38.1
210,211,"Thomsen and Wallace 1994, D3",Rectangular,Cantilever,Feff provided,Flexure,331.0,152.4,152.4,596.9,71.2,475.8,738.0,1262.0,1448.0,9.5,9.5,8.0,11.1,1.0,11.1,1.0,3.4,3.2,44.5
211,212,Sezen and Moehle No. 1,Rectangular,Double Cantilever,Shear provided,Flexure-Shear,667.0,457.2,457.2,1473.2,21.1,434.4,645.0,476.0,724.0,28.7,28.7,8.0,65.1,1.0,65.1,1.0,3.4,9.5,304.8
212,213,Sezen and Moehle No. 2,Rectangular,Double Cantilever,Shear provided,Flexure-Shear,2669.0,457.2,457.2,1473.2,21.1,434.4,645.0,476.0,724.0,28.7,28.7,8.0,65.1,1.0,65.1,1.0,3.4,9.5,304.8
213,214,Sezen and Moehle No. 4,Rectangular,Double Cantilever,Shear provided,Flexure-Shear,667.0,457.2,457.2,1473.2,21.8,434.4,645.0,476.0,724.0,28.7,28.7,8.0,65.1,1.0,65.1,1.0,3.4,9.5,304.8
214,215,"Paultre and Legeron, 2000, No. 1006015",Rectangular,Cantilever,P Ram rotation decreases V,Flexure,1200.0,305.0,305.0,2000.0,92.4,451.0,716.0,391.0,637.0,19.5,16.0,8.0,19.0,1.0,19.0,1.0,3.4,11.3,60.0
215,216,"Paultre and Legeron, 2000, No. 1006025",Rectangular,Cantilever,P Ram rotation decreases V,Flexure,2400.0,305.0,305.0,2000.0,93.3,430.0,661.0,391.0,637.0,19.5,16.0,8.0,19.0,1.0,19.0,1.0,3.4,11.3,60.0
216,217,"Paultre and Legeron, 2000, No. 1006040",Rectangular,Cantilever,P Ram rotation decreases V,Flexure,3600.0,305.0,305.0,2000.0,98.2,451.0,716.0,418.0,675.0,19.5,16.0,8.0,19.0,1.0,19.0,1.0,3.4,11.3,60.0
217,218,"Paultre and Legeron, 2000, No. 10013015",Rectangular,Cantilever,P Ram rotation decreases V,Flexure,1200.0,305.0,305.0,2000.0,94.8,451.0,716.0,391.0,637.0,19.5,16.0,8.0,19.0,1.0,19.0,1.0,3.4,11.3,130.0
218,219,"Paultre and Legeron, 2000, No. 10013025",Rectangular,Cantilever,P Ram rotation decreases V,Flexure,2400.0,305.0,305.0,2000.0,97.7,430.0,661.0,391.0,637.0,19.5,16.0,8.0,19.0,1.0,19.0,1.0,3.4,11.3,130.0
219,220,"Paultre and Legeron, 2000, No. 10013040",Rectangular,Cantilever,P Ram rotation decreases V,Flexure,3600.0,305.0,305.0,2000.0,104.3,451.0,716.0,418.0,675.0,19.5,16.0,8.0,19.0,1.0,19.0,1.0,3.4,11.3,130.0
220,221,"Paultre et al., 2001, No. 806040",Rectangular,Cantilever,Feff provided,Flexure,2900.0,305.0,305.0,2000.0,78.7,446.0,719.0,438.0,689.0,19.5,16.0,8.0,19.0,1.0,19.0,1.0,3.4,11.3,60.0
221,222,"Paultre et al., 2001, No. 1206040",Rectangular,Cantilever,Feff provided,Flexure,4200.0,305.0,305.0,2000.0,109.2,446.0,719.0,438.0,689.0,19.5,16.0,8.0,19.0,1.0,19.0,1.0,3.4,11.3,60.0
222,223,"Paultre et al., 2001, No. 1005540",Rectangular,Cantilever,Feff provided,Flexure,4200.0,305.0,305.0,2000.0,109.5,446.0,719.0,825.0,960.0,19.5,16.0,8.0,19.0,1.0,19.0,1.0,3.4,11.3,55.0
223,224,"Paultre et al., 2001, No. 1008040",Rectangular,Cantilever,Feff provided,Flexure,3600.0,305.0,305.0,2000.0,104.2,446.0,719.0,825.0,960.0,19.5,16.0,8.0,19.0,1.0,19.0,1.0,3.4,11.3,80.0
224,225,"Paultre et al., 2001, No. 1005552",Rectangular,Cantilever,Feff provided,Flexure,5150.0,305.0,305.0,2000.0,104.5,446.0,719.0,744.0,874.0,19.5,16.0,8.0,19.0,1.0,19.0,1.0,3.4,11.3,55.0
225,226,"Paultre et al., 2001, No. 1006052",Rectangular,Cantilever,Feff provided,Flexure,5150.0,305.0,305.0,2000.0,109.4,446.0,719.0,492.0,715.0,19.5,16.0,8.0,19.0,1.0,19.0,1.0,3.4,11.3,60.0
226,227,"Pujol 2002, No. 10-2-3N",Rectangular,Double Cantilever,Shear provided,Flexure,133.0,152.4,304.8,685.8,33.7,453.0,642.6,410.9,526.8,19.0,19.0,4.0,25.4,0.0,25.4,0.0,2.0,6.3,76.2
227,228,"Pujol 2002, No. 10-2-3S",Rectangular,Double Cantilever,Shear provided,Flexure,133.0,152.4,304.8,685.8,33.7,453.0,642.6,410.9,526.8,19.0,19.0,4.0,25.4,0.0,25.4,0.0,2.0,6.3,76.2
228,229,"Pujol 2002, No. 10-3-1.5N",Rectangular,Double Cantilever,Shear provided,Flexure,133.0,152.4,304.8,685.8,32.1,453.0,642.6,410.9,526.8,19.0,19.0,4.0,25.4,0.0,28.6,0.0,2.0,6.3,38.1
229,230,"Pujol 2002, No. 10-3-1.5S",Rectangular,Double Cantilever,Shear provided,Flexure,133.0,152.4,304.8,685.8,32.1,453.0,642.6,410.9,526.8,19.0,19.0,4.0,25.4,0.0,28.6,0.0,2.0,6.3,38.1
230,231,"Pujol 2002, No. 10-3-3N",Rectangular,Double Cantilever,Shear provided,Flexure,133.0,152.4,304.8,685.8,29.9,453.0,642.6,410.9,526.8,19.0,19.0,4.0,25.4,0.0,28.6,0.0,2.0,6.3,76.2
231,232,"Pujol 2002, No. 10-3-3S",Rectangular,Double Cantilever,Shear provided,Flexure,133.0,152.4,304.8,685.8,29.9,453.0,642.6,410.9,526.8,19.0,19.0,4.0,25.4,0.0,28.6,0.0,2.0,6.3,76.2
232,233,"Pujol 2002, No. 10-3-2.25N",Rectangular,Double Cantilever,Shear provided,Flexure,133.0,152.4,304.8,685.8,27.4,453.0,642.6,410.9,526.8,19.0,19.0,4.0,25.4,0.0,28.6,0.0,2.0,6.3,57.2
233,234,"Pujol 2002, No. 10-3-2.25S",Rectangular,Double Cantilever,Shear provided,Flexure,133.0,152.4,304.8,685.8,27.4,453.0,642.6,410.9,526.8,19.0,19.0,4.0,25.4,0.0,28.6,0.0,2.0,6.3,57.2
234,235,"Pujol 2002, No. 20-3-1.5N",Rectangular,Double Cantilever,Shear provided,Flexure,267.0,152.4,304.8,685.8,27.4,453.0,642.6,410.9,526.8,19.0,19.0,4.0,25.4,0.0,28.6,0.0,2.0,6.3,38.1
235,236,"Pujol 2002, No. 20-3-1.5S",Rectangular,Double Cantilever,Shear provided,Flexure,267.0,152.4,304.8,685.8,27.4,453.0,642.6,410.9,526.8,19.0,19.0,4.0,25.4,0.0,28.6,0.0,2.0,6.3,38.1
236,237,"Pujol 2002, No. 20-3-3N",Rectangular,Double Cantilever,Shear provided,Flexure,267.0,152.4,304.8,685.8,36.4,453.0,642.6,410.9,526.8,19.0,19.0,4.0,25.4,0.0,28.6,0.0,2.0,6.3,76.2
237,238,"Pujol 2002, No. 20-3-3S",Rectangular,Double Cantilever,Shear provided,Flexure,267.0,152.4,304.8,685.8,36.4,453.0,642.6,410.9,526.8,19.0,19.0,4.0,25.4,0.0,28.6,0.0,2.0,6.3,76.2
238,239,"Pujol 2002, No. 10-2-2.25N",Rectangular,Double Cantilever,Shear provided,Flexure,133.0,152.4,304.8,685.8,34.9,453.0,642.6,410.9,526.8,19.0,19.0,4.0,25.4,0.0,28.6,0.0,2.0,6.3,57.2
239,240,"Pujol 2002, No. 10-2-2.25S",Rectangular,Double Cantilever,Shear provided,Flexure,133.0,152.4,304.8,685.8,34.9,453.0,642.6,410.9,526.8,19.0,19.0,4.0,25.4,0.0,28.6,0.0,2.0,6.3,57.2
240,241,"Pujol 2002, No. 10-1-2.25N",Rectangular,Double Cantilever,Shear provided,Flexure,133.0,152.4,304.8,685.8,36.5,453.0,642.6,410.9,526.8,19.0,19.0,4.0,25.4,0.0,28.6,0.0,2.0,6.3,57.2
241,242,"Pujol 2002, No. 10-1-2.25S",Rectangular,Double Cantilever,Shear provided,Flexure,133.0,152.4,304.8,685.8,36.5,453.0,642.6,410.9,526.8,19.0,19.0,4.0,25.4,0.0,28.6,0.0,2.0,6.3,57.2
242,243,"Bechtoula, Kono, Arai and Watanabe, 2002, D1N30",Rectangular,Cantilever,Shear provided,Flexure,705.0,250.0,250.0,625.0,37.6,461.0,634.3,485.0,606.1,12.7,12.7,12.0,18.5,2.0,18.5,2.0,4.0,4.0,40.0
243,244,"Bechtoula, Kono, Arai and Watanabe, 2002, D1N60",Rectangular,Cantilever,Shear provided,Flexure,1410.0,250.0,250.0,625.0,37.6,461.0,634.3,485.0,606.1,12.7,12.7,12.0,18.5,2.0,18.5,2.0,4.0,4.0,40.0
244,245,"Bechtoula, Kono, Arai and Watanabe, 2002, L1D60",Rectangular,Cantilever,Shear provided,Flexure,8000.0,600.0,600.0,1200.0,39.2,388.0,588.0,524.0,673.0,25.4,25.4,12.0,44.5,2.0,44.5,2.0,4.0,12.7,100.0
245,246,"Bechtoula, Kono, Arai and Watanabe, 2002, L1N60",Rectangular,Cantilever,Shear provided,Flexure,8000.0,600.0,600.0,1200.0,39.2,388.0,588.0,524.0,673.0,25.4,25.4,12.0,44.5,2.0,44.5,2.0,4.0,12.7,100.0
246,247,"Bechtoula, Kono, Arai and Watanabe, 2002, L1N6B",Rectangular,Cantilever,Shear provided,Flexure,6000.0,560.0,560.0,1200.0,32.2,388.0,588.0,524.0,673.0,25.4,25.4,12.0,24.5,2.0,24.5,2.0,4.0,12.7,100.0
247,248,"Takemura and Kawashima, 1997, Test 1 (JSCE-4)",Rectangular,Cantilever,Feff provided,Flexure,157.0,400.0,400.0,1245.0,35.9,363.0,0.0,368.0,0.0,12.7,12.7,20.0,27.5,4.0,27.5,4.0,2.0,6.0,70.0
248,249,"Takemura and Kawashima, 1997, Test 2 (JSCE-5)",Rectangular,Cantilever,Feff provided,Flexure,157.0,400.0,400.0,1245.0,35.7,363.0,0.0,368.0,0.0,12.7,12.7,20.0,27.5,4.0,27.5,4.0,2.0,6.0,70.0
249,250,"Takemura and Kawashima, 1997, Test 3 (JSCE-6)",Rectangular,Cantilever,Feff provided,Flexure,157.0,400.0,400.0,1245.0,34.3,363.0,0.0,368.0,0.0,12.7,12.7,20.0,27.5,4.0,27.5,4.0,2.0,6.0,70.0
250,251,"Takemura and Kawashima, 1997, Test 4 (JSCE-7)",Rectangular,Cantilever,Feff provided,Flexure,157.0,400.0,400.0,1245.0,33.2,363.0,0.0,368.0,0.0,12.7,12.7,20.0,27.5,4.0,27.5,4.0,2.0,6.0,70.0
251,252,"Takemura and Kawashima, 1997, Test 5 (JSCE-8)",Rectangular,Cantilever,Feff provided,Flexure,157.0,400.0,400.0,1245.0,36.8,363.0,0.0,368.0,0.0,12.7,12.7,20.0,27.5,4.0,27.5,4.0,2.0,6.0,70.0
252,253,"Takemura and Kawashima, 1997, Test 6 (JSCE-9)",Rectangular,Cantilever,Feff provided,Flexure,157.0,400.0,400.0,1245.0,35.9,363.0,0.0,368.0,0.0,12.7,12.7,20.0,27.5,4.0,27.5,4.0,2.0,6.0,70.0
